Repeat,Model,Val thr,Plateau thr,Plateau width,Test-opt thr,Test F1 @ 0.50,Test F1 @ val thr,Test F1 @ plateau,Test F1 @ test thr,Optimism gap,Threshold shift
0,Random Forest,0.39,0.44,0.19,0.47,0.663594470046083,0.6343873517786561,0.6568730325288562,0.6666666666666666,0.0322793148880105,0.07999999999999996
0,XGBoost,0.43,0.5,0.23,0.56,0.6572361262241567,0.6346346346346347,0.6572361262241567,0.662777129521587,0.028142494886952307,0.13000000000000006
0,CatBoost,0.41,0.44,0.15,0.52,0.6614349775784754,0.6341463414634146,0.6462513199577613,0.6643598615916955,0.030213520128280824,0.11000000000000004
1,Random Forest,0.48,0.48,0.04,0.44,0.6137931034482759,0.620380739081747,0.620380739081747,0.6273684210526316,0.006987681970884618,0.03999999999999998
1,XGBoost,0.48,0.52,0.11,0.5,0.6198704103671706,0.6157068062827226,0.6047032474804032,0.6198704103671706,0.004163604084448047,0.020000000000000018
1,CatBoost,0.42,0.39,0.09,0.56,0.6084959816303099,0.6016427104722792,0.5958291956305859,0.6123936816524909,0.010750971180211621,0.14000000000000007
2,Random Forest,0.48,0.48,0.1,0.52,0.6297968397291196,0.6254071661237784,0.6254071661237784,0.6348837209302326,0.009476554806454152,0.040000000000000036
2,XGBoost,0.49,0.49,0.07,0.58,0.6371308016877637,0.6317991631799164,0.6317991631799164,0.6399055489964581,0.008106385816541772,0.08999999999999997
2,CatBoost,0.42,0.45,0.12,0.51,0.6195286195286195,0.611336032388664,0.6134453781512605,0.6248574686431014,0.013521436254437469,0.09000000000000002
3,Random Forest,0.46,0.47,0.11,0.49,0.6202090592334495,0.6153846153846154,0.6194690265486725,0.6217142857142857,0.006329670329670245,0.02999999999999997
3,XGBoost,0.46,0.49,0.14,0.44,0.6076502732240437,0.610062893081761,0.6090712742980562,0.6145940390544707,0.00453114597270976,0.020000000000000018
3,CatBoost,0.42,0.44,0.11,0.43,0.5941043083900227,0.5953878406708596,0.5952890792291221,0.597457627118644,0.0020697864477844385,0.010000000000000009
4,Random Forest,0.45,0.4,0.22,0.46,0.6404624277456648,0.6456521739130435,0.6372045220966084,0.6477024070021882,0.0020502330891446485,0.010000000000000009
4,XGBoost,0.45,0.45,0.18,0.52,0.646733111849391,0.64,0.64,0.6507394766780432,0.010739476678043203,0.07
4,CatBoost,0.33,0.33,0.16,0.53,0.6310904872389791,0.6112185686653772,0.6112185686653772,0.6356033452807647,0.024384776615387516,0.2
5,Random Forest,0.55,0.54,0.03,0.44,0.6373117033603708,0.6311881188118812,0.6251526251526252,0.6411889596602972,0.010000840848416015,0.11000000000000004
5,XGBoost,0.54,0.47,0.16,0.6,0.6375545851528385,0.6345933562428407,0.6343519494204426,0.6423173803526449,0.007724024109804106,0.05999999999999994
5,CatBoost,0.58,0.57,0.09,0.48,0.6388888888888888,0.6261319534282018,0.6282051282051282,0.6393629124004551,0.013230958972253237,0.09999999999999998
6,Random Forest,0.5,0.49,0.05,0.53,0.6336405529953917,0.6336405529953917,0.6333711691259932,0.6386554621848739,0.0050149091894822195,0.030000000000000027
6,XGBoost,0.52,0.53,0.08,0.57,0.6270270270270271,0.6247240618101545,0.625,0.6363636363636364,0.011639574553481857,0.04999999999999993
6,CatBoost,0.55,0.49,0.16,0.54,0.626560726447219,0.6304347826086957,0.625421822272216,0.6373365041617123,0.006901721553016604,0.010000000000000009
7,Random Forest,0.53,0.51,0.09,0.54,0.6238738738738738,0.6342042755344418,0.6291618828932262,0.6360338573155986,0.001829581781156775,0.010000000000000009
7,XGBoost,0.56,0.57,0.07,0.59,0.6353944562899787,0.6380510440835266,0.6477541371158393,0.652962515114873,0.01491147103134638,0.029999999999999916
7,CatBoost,0.44,0.42,0.11,0.51,0.634090909090909,0.6243386243386243,0.6257796257796258,0.6361556064073226,0.0118169820686983,0.07
8,Random Forest,0.5,0.48,0.15,0.54,0.6360505166475315,0.6360505166475315,0.6375838926174496,0.6461916461916462,0.010141129544114613,0.040000000000000036
8,XGBoost,0.57,0.54,0.08,0.55,0.644880174291939,0.6476190476190476,0.6445714285714286,0.6481481481481481,0.0005291005291004902,0.019999999999999907
8,CatBoost,0.42,0.47,0.17,0.53,0.6422018348623854,0.6226415094339622,0.6392896781354052,0.6436233611442194,0.020981851710257127,0.11000000000000004
9,Random Forest,0.5,0.49,0.13,0.43,0.6166281755196305,0.6166281755196305,0.6190476190476191,0.6304801670146137,0.013851991494983285,0.07
9,XGBoost,0.47,0.47,0.21,0.58,0.6168831168831169,0.6128016789087093,0.6128016789087093,0.6324786324786325,0.01967695356992316,0.10999999999999999
9,CatBoost,0.47,0.48,0.08,0.53,0.6175115207373272,0.6203090507726269,0.6133032694475761,0.6229116945107399,0.0026026437381130307,0.06000000000000005
10,Random Forest,0.45,0.44,0.16,0.43,0.6104513064133017,0.6112956810631229,0.6152173913043478,0.6231263383297645,0.011830657266641564,0.020000000000000018
10,XGBoost,0.43,0.45,0.14,0.57,0.6188340807174888,0.6093117408906883,0.6134715025906736,0.6279357231149567,0.01862398222426842,0.13999999999999996
10,CatBoost,0.54,0.47,0.17,0.38,0.6148409893992933,0.603448275862069,0.6118721461187214,0.6179196704428425,0.014471394580773511,0.16000000000000003
11,Random Forest,0.41,0.45,0.18,0.52,0.6444954128440367,0.6361788617886179,0.6414686825053996,0.6519208381839348,0.015741976395316826,0.11000000000000004
11,XGBoost,0.44,0.5,0.25,0.61,0.647374062165059,0.6294416243654822,0.647374062165059,0.6518518518518519,0.02241022748636967,0.16999999999999998
11,CatBoost,0.42,0.45,0.25,0.49,0.64472190692395,0.6409185803757829,0.632258064516129,0.64501679731243,0.004098216936647137,0.07
12,Random Forest,0.51,0.51,0.09,0.49,0.6221719457013575,0.6229885057471264,0.6229885057471264,0.6247191011235955,0.001730595376469135,0.020000000000000018
12,XGBoost,0.54,0.54,0.07,0.51,0.6290672451193059,0.6251415628539071,0.6251415628539071,0.6293859649122807,0.00424440205837362,0.030000000000000027
12,CatBoost,0.51,0.48,0.17,0.56,0.6176470588235294,0.620137299771167,0.6172566371681416,0.6271186440677966,0.006981344296629555,0.050000000000000044
13,Random Forest,0.54,0.53,0.12,0.39,0.6240963855421687,0.6234096692111959,0.6290726817042607,0.6383419689119171,0.014932299700721186,0.15000000000000002
13,XGBoost,0.56,0.56,0.15,0.4,0.6266666666666667,0.6305655836341757,0.6305655836341757,0.6399197592778335,0.009354175643657814,0.16000000000000003
13,CatBoost,0.44,0.52,0.2,0.5,0.6285714285714286,0.6108048511576626,0.6236297198538368,0.6285714285714286,0.01776657741376597,0.06
14,Random Forest,0.46,0.45,0.11,0.49,0.6412037037037037,0.6346782988004362,0.6387096774193548,0.642369020501139,0.0076907217007027295,0.02999999999999997
14,XGBoost,0.48,0.47,0.07,0.5,0.6456521739130435,0.6382978723404256,0.6419491525423728,0.6456521739130435,0.007354301572617961,0.020000000000000018
14,CatBoost,0.51,0.47,0.18,0.48,0.6298850574712643,0.6318234610917538,0.6311111111111111,0.6331096196868009,0.0012861585950471044,0.030000000000000027
15,Random Forest,0.44,0.45,0.13,0.47,0.6177514792899408,0.6240681576144835,0.6277056277056277,0.6316964285714286,0.007628270956945071,0.02999999999999997
15,XGBoost,0.52,0.49,0.22,0.47,0.628696604600219,0.6263982102908278,0.6294307196562836,0.6300211416490487,0.0036229313582208933,0.050000000000000044
15,CatBoost,0.51,0.51,0.03,0.41,0.6062717770034843,0.6064209274673008,0.6064209274673008,0.6247379454926625,0.018317018025361675,0.10000000000000003
16,Random Forest,0.48,0.47,0.08,0.39,0.6039035591274398,0.6102449888641426,0.6101321585903083,0.6125244618395304,0.002279472975387775,0.08999999999999997
16,XGBoost,0.52,0.5,0.18,0.58,0.6170442286947141,0.6033149171270719,0.6170442286947141,0.6219081272084805,0.018593210081408684,0.05999999999999994
16,CatBoost,0.45,0.46,0.19,0.41,0.6025200458190149,0.6015200868621065,0.601536772777168,0.6125,0.010979913137893593,0.040000000000000036
17,Random Forest,0.56,0.48,0.2,0.53,0.6283783783783784,0.6308068459657702,0.6180257510729614,0.6358244365361803,0.005017590570410069,0.030000000000000027
17,XGBoost,0.55,0.57,0.12,0.56,0.6142709410548087,0.6139954853273137,0.6180555555555556,0.6187214611872146,0.004725975859900866,0.010000000000000009
17,CatBoost,0.44,0.46,0.13,0.57,0.6111111111111112,0.5997931747673216,0.6074074074074074,0.6215235792019347,0.02173040443461305,0.12999999999999995
18,Random Forest,0.53,0.52,0.14,0.45,0.6192660550458715,0.6131736526946108,0.6139315230224321,0.6316916488222698,0.01851799612765903,0.08000000000000002
18,XGBoost,0.59,0.59,0.05,0.55,0.6296691568836713,0.619277108433735,0.619277108433735,0.6396396396396397,0.0203625312059047,0.039999999999999925
18,CatBoost,0.59,0.57,0.1,0.46,0.6183035714285714,0.6022584692597239,0.6112469437652812,0.6223175965665236,0.020059127306799707,0.12999999999999995
19,Random Forest,0.46,0.44,0.16,0.51,0.6385404789053591,0.635875402792696,0.6359832635983264,0.6404624277456648,0.004587024952968699,0.04999999999999999
19,XGBoost,0.54,0.57,0.1,0.6,0.6272824919441461,0.6259887005649718,0.6298472385428907,0.6352657004830918,0.009276999918120032,0.05999999999999994
19,CatBoost,0.5,0.5,0.16,0.52,0.6227272727272727,0.6227272727272727,0.6227272727272727,0.6266195524146054,0.0038922796873327448,0.020000000000000018
20,Random Forest,0.44,0.47,0.1,0.53,0.6081081081081081,0.6006191950464397,0.6032432432432432,0.6143024618991794,0.013683266852739684,0.09000000000000002
20,XGBoost,0.48,0.5,0.15,0.52,0.6051502145922747,0.6031413612565445,0.6051502145922747,0.6101321585903083,0.006990797333763843,0.040000000000000036
20,CatBoost,0.41,0.45,0.23,0.56,0.5954545454545455,0.5963114754098361,0.5980707395498392,0.5992691839220463,0.002957708512210222,0.15000000000000008
21,Random Forest,0.46,0.44,0.09,0.45,0.6363636363636364,0.6372881355932203,0.6406926406926406,0.6414253897550112,0.004137254161790893,0.010000000000000009
21,XGBoost,0.49,0.49,0.25,0.52,0.6496674057649667,0.6504961411245865,0.6504961411245865,0.6537142857142857,0.0032181445896991567,0.030000000000000027
21,CatBoost,0.4,0.39,0.15,0.44,0.6383981154299175,0.630801687763713,0.6269592476489029,0.6411378555798687,0.01033616781615565,0.03999999999999998
22,Random Forest,0.46,0.48,0.14,0.46,0.6232044198895028,0.63125,0.6276595744680851,0.63125,0.0,0.0
22,XGBoost,0.5,0.52,0.12,0.58,0.6239495798319328,0.6239495798319328,0.6220302375809935,0.6264775413711584,0.0025279615392256316,0.07999999999999996
22,CatBoost,0.52,0.53,0.11,0.45,0.6190998902305159,0.6152125279642058,0.6145124716553289,0.6235897435897436,0.008377215625537837,0.07
23,Random Forest,0.49,0.5,0.06,0.51,0.6517119244391971,0.6480186480186481,0.6517119244391971,0.6562874251497006,0.008268777131052563,0.020000000000000018
23,XGBoost,0.56,0.55,0.2,0.54,0.6407119021134594,0.6414201183431952,0.6439482961222092,0.6472642607683353,0.005844142425140086,0.020000000000000018
23,CatBoost,0.48,0.46,0.15,0.4,0.6342592592592593,0.63718820861678,0.6399108138238573,0.6417910447761194,0.0046028361593393186,0.07999999999999996
24,Random Forest,0.5,0.5,0.13,0.51,0.6247240618101545,0.6247240618101545,0.6247240618101545,0.6272321428571429,0.0025080810469884085,0.010000000000000009
24,XGBoost,0.56,0.53,0.16,0.55,0.6285714285714286,0.638150289017341,0.64,0.6415525114155252,0.003402222398184107,0.010000000000000009
24,CatBoost,0.48,0.49,0.08,0.47,0.6191536748329621,0.6217391304347826,0.6234906695938529,0.6266094420600858,0.00487031162530327,0.010000000000000009
25,Random Forest,0.57,0.55,0.07,0.51,0.616800920598389,0.6066838046272494,0.613664596273292,0.6236811254396248,0.016997320812375483,0.05999999999999994
25,XGBoost,0.58,0.54,0.15,0.54,0.6240520043336945,0.615568862275449,0.6247139588100686,0.6247139588100686,0.00914509653461959,0.039999999999999925
25,CatBoost,0.59,0.57,0.06,0.44,0.6004566210045662,0.5879332477535302,0.5879396984924623,0.6155507559395248,0.02761750818599462,0.14999999999999997
26,Random Forest,0.49,0.49,0.13,0.57,0.6343195266272189,0.636150234741784,0.636150234741784,0.6402048655569782,0.0040546308151941934,0.07999999999999996
26,XGBoost,0.52,0.48,0.22,0.55,0.6384872080088988,0.6468571428571429,0.6324972737186477,0.6517119244391971,0.004854781582054213,0.030000000000000027
26,CatBoost,0.43,0.41,0.1,0.58,0.6350710900473934,0.621978021978022,0.6270270270270271,0.6421319796954315,0.020153957717409465,0.14999999999999997
27,Random Forest,0.47,0.45,0.09,0.5,0.6476868327402135,0.6349206349206349,0.6416758544652701,0.6476868327402135,0.012766197819578662,0.030000000000000027
27,XGBoost,0.49,0.48,0.18,0.59,0.6453038674033149,0.6462882096069869,0.6471226927252985,0.6525529265255293,0.006264716918542468,0.09999999999999998
27,CatBoost,0.4,0.39,0.13,0.46,0.6285714285714286,0.6247334754797441,0.6231578947368421,0.6355353075170843,0.010801832037340198,0.06
28,Random Forest,0.53,0.52,0.17,0.55,0.6420581655480985,0.6510538641686182,0.6436781609195402,0.6578313253012048,0.006777461132586593,0.020000000000000018
28,XGBoost,0.54,0.59,0.17,0.61,0.6378035902851109,0.6425438596491229,0.6432748538011696,0.6483253588516746,0.005781499202551776,0.06999999999999995
28,CatBoost,0.43,0.49,0.19,0.56,0.6336633663366337,0.6225439503619442,0.6274509803921569,0.6412395709177592,0.018695620555814974,0.13000000000000006
29,Random Forest,0.52,0.49,0.13,0.48,0.632438739789965,0.6233453670276775,0.6375143843498274,0.637911464245176,0.014566097217498464,0.040000000000000036
29,XGBoost,0.48,0.49,0.15,0.51,0.6335540838852097,0.6307857911733046,0.6383442265795207,0.6419753086419753,0.011189517468670696,0.030000000000000027
29,CatBoost,0.47,0.44,0.16,0.51,0.6358381502890174,0.6309921962095875,0.628385698808234,0.6400937866354045,0.009101590425817041,0.040000000000000036
